user_id,trial_avg_duration,paid_avg_duration
-------,------------------,-----------------
1,37.500000000000,75.000000000000
3,70.000000000000,63.330000000000
4,37.500000000000,45.000000000000

(3 rows affected)
